agent_id,count
3517,8542
451,456
3650,6994
3015,29950
2756,11189
2275,5555
2464,20801
2393,10494
3826,2141
3441,2061
3281,2698
2110,9757
1669,5272
4838,2806
125,195
3858,2003
4894,4520
1372,1273
853,239
3368,608
800,448
5067,289
4975,318
5023,166
1394,297
944,43
1903,4542
3652,20070
447,3139
3121,7638
5057,1128
3249,2944
4276,1526
4583,10357
1953,9561
2550,12425
2930,5851
2895,1150
3312,2553
2034,926
4249,2437
4988,738
51,203
1528,1092
4665,535
124,4622
2888,2264
3266,1425
7,130
4236,159
591,130
1987,1432
2644,29226
1880,12512
3848,7891
3786,1823
3179,14667
2789,4014
1706,12867
1043,5764
5071,217
3299,3660
4818,5207
4736,4123
2477,25198
4690,1063
4417,2640
2915,3334
4776,7522
2808,6198
4719,2727
577,2886
4782,7088
2129,1598
747,2155
2495,7688
3241,1063
3875,1512
4569,2307
169,1179
1425,3146
2402,4853
3553,3081
334,1085
4980,745
4672,665
740,80
4465,217
544,130
581,80
205,87
2729,1917
2628,19246
2605,22464
1435,10704
1765,5779
1487,2980
2720,12129
3953,20844
15,4484
234,4614
3089,10603
4789,1034
1008,2640
1305,2119
4415,5518
2953,1569
383,2683
3661,14140
3454,1085
54,1642
1686,2640
3819,3146
2199,1367
2144,991
448,1974
3280,4513
4856,376
282,868
5079,268
232,542
2341,1056
700,130
3581,10972
987,8990
4437,17177
4403,6227
714,3428
4740,2199
3967,11963
2931,4238
3711,2401
3140,4730
4564,1107
2762,2184
3490,702
4165,412
3781,1504
4044,1635
154,383
132,239
3808,318
727,485
3740,463
317,376
4369,427
4884,297
2079,557
1093,4368
2714,17900
938,6177
986,11955
3584,13901
1539,1895
101,7088
1518,6943
2683,12129
2354,3609
3521,2582
1793,1692
4864,231
5045,282
1958,926
1624,1041
1235,1215
672,2343
3578,853
854,188
1192,774
3742,796
5076,347
1259,253
11,87
1041,43
4638,6690
1910,10342
3660,20519
4765,4419
2272,4513
1111,15586
3107,12830
3019,6133
4215,94
4738,5678
1497,2040
351,767
387,3826
323,2900
2139,5056
961,3030
361,1823
3728,629
138,1230
823,521
3378,730
1620,188
2799,19354
3074,22341
3550,12838
2896,12628
3933,22978
4059,5092
42,861
3494,7493
2587,3211
4626,1251
1470,383
1100,4600
424,3587
3922,2698
4573,868
112,593
863,1555
586,3067
4272,4434
534,456
991,514
1728,1049
3646,19463
3496,13807
3914,11174
2702,26847
2701,18146
3090,10559
4584,1483
64,51
4631,5367
1584,3783
3582,6068
1972,2502
1429,1808
2349,774
459,514
4144,2965
4132,1099
4817,1425
1692,2763
3777,1562
1021,362
512,362
308,665
2149,2191
2224,564
2155,456
4837,571
3745,1208
2031,998
356,492
4370,738
710,268
4953,434
348,195
1673,470
1556,2372
4015,5699
4823,10140
4094,16222
1365,8252
3288,3030
3466,1251
1215,8296
2447,6126
1298,2394
2759,8665
1314,5034
3988,2336
3597,9279
4130,5258
1569,2235
3386,1974
406,4629
3615,9916
113,3016
3346,3631
1012,4325
3478,448
4269,2264
4216,253
432,87
2943,1309
4478,152
4024,1208
2026,195
584,239
4830,203
30,137
4372,4448
874,2748
4942,1193
2339,16476
3058,14190
4882,3392
133,2553
2252,11738
3580,1193
2562,2336
1097,4694
2791,1757
4341,246
3733,347
4358,3573
3794,1352
2739,1128
878,231
3316,1063
5017,203
5062,51
989,4397
1836,18465
2669,13170
1282,2032
3060,10574
1678,3869
4717,4600
3162,18190
3468,10711
2572,6090
2164,1497
4278,4274
1535,1114
2281,7182
1775,810
903,2582
1459,1533
59,506
2353,2105
162,94
2703,27115
2522,17792
3911,14422
410,12852
2350,15651
3702,20873
2403,9619
1906,7305
1965,4079
3300,4925
3747,20931
1004,2524
1431,3240
1877,2003
1664,947
71,246
3118,1750
2056,651
4026,2553
1514,1215
2588,817
4317,752
4904,80
5053,217
2596,3312
2604,25169
2840,12049
2793,12411
3797,1352
2821,15369
980,12961
3360,8534
3054,28214
2375,7384
2709,33450
3314,7724
959,687
276,1519
1286,1230
1133,1880
1783,2126
528,4665
3773,8079
1486,2358
2954,4405
1371,882
98,810
4373,1598
1841,1237
1416,1627
298,94
749,1439
1962,1157
4073,470
188,362
3272,275
4300,29
223,4983
4829,1157
2557,6777
1340,26724
3627,7927
568,8737
4609,7905
1549,3233
4607,579
594,3906
1141,383
2253,2235
195,2011
466,629
47,875
629,152
3551,2076
2036,159
4217,3739
902,1150
4769,1808
99,137
3821,492
458,477
4642,5569
2131,2105
4414,8607
3947,19361
2547,1750
4825,3537
3670,7869
1488,839
2676,14892
1519,9605
3572,1186
3607,1085
4608,1186
4539,1446
4929,2365
2319,2495
3352,2835
1954,962
4267,297
697,137
2396,14508
3153,15767
2811,23853
3003,15347
3446,2792
4702,13055
1185,1302
372,7739
3771,485
4018,752
565,2372
554,825
4389,2387
2795,4708
1375,947
110,1360
107,521
1269,116
892,419
4466,796
3248,246
726,51
4323,87
3524,16902
3622,3812
3958,11912
2805,16331
2640,23057
3860,3096
2776,15514
3527,4188
785,6191
3672,6234
1721,3971
3883,1287
1191,3052
4699,2900
4570,1801
3176,16844
4667,2604
4549,629
4652,166
3653,8288
1770,2763
2823,1996
3976,1953
824,231
1076,231
928,1649
3276,1403
2755,10740
1010,17705
1645,1410
4258,796
3849,2633
1544,3501
4242,2408
2094,398
2046,767
4388,2249
2037,3869
3310,5678
2306,4484
4360,1656
390,514
4682,2076
1866,1381
4723,1584
1145,340
1266,405
1636,1837
3809,1352
4204,65
1039,80
3110,6502
2693,15152
1637,12751
4151,8469
3031,23614
1641,3942
1278,7999
4167,3913
2377,13214
4878,116
4806,3312
3692,2228
5008,919
214,4115
3665,6914
527,579
4506,304
1930,2850
5037,868
1228,832
656,441
4548,2249
4390,1374
3793,1049
3373,1504
3823,846
560,629
3328,506
5027,51
1387,123
4508,7
2871,10408
1909,10596
2521,8419
3909,13980
4646,1736
3772,2727
4444,514
4150,8086
4714,2502
3904,19231
2877,3768
3463,1121
4560,1027
609,3696
1593,1591
179,1808
4371,1078
4256,499
4243,709
850,391
267,195
1260,456
573,224
953,7
2573,19246
2691,17076
408,13843
3044,25791
520,3746
3264,5779
1833,9127
4438,2206
3729,788
3960,3428
2028,1186
4397,4144
4843,2285
1494,1808
1579,3291
3195,2105
3283,4549
1193,1555
4197,289
3741,470
2097,608
4517,882
3744,673
440,564
1058,412
4175,456
4879,123
284,224
826,80
4526,53737
3255,2387
4650,2170
825,470
1753,4831
4661,492
4291,3508
3128,13698
2442,7840
3837,1461
3161,18204
1006,3985
1543,1526
4731,2683
1608,2387
3707,2994
3867,1280
248,2271
484,5150
3307,4209
96,1208
327,593
202,195
1462,1606
4245,87
1648,87
3619,14978
2277,11442
1733,10350
2601,13199
3347,2640
2979,21929
221,4961
4686,4021
804,260
3852,2900
1322,4896
3350,7457
2210,2633
320,702
4399,2054
3618,528
2209,2300
3724,528
1610,369
610,174
4892,354
4138,709
1454,325
4255,224
4013,13452
633,550
2638,24901
4721,2669
1030,2842
43,7558
2741,10125
503,4817
3633,15376
2091,6097
897,5475
4279,622
3372,4650
4575,2604
1898,1461
3393,1222
3558,2206
1071,3312
873,3175
4297,282
1607,2546
4125,1591
3738,347
300,535
3149,17705
3946,21538
1505,6914
2856,12758
3855,1584
4148,2358
421,5323
3196,11442
2479,27860
3068,22312
401,5330
1152,10567
2847,14769
3389,2300
3931,19188
3624,3392
3600,3204
1592,1750
2866,4672
2048,325
3296,2466
1861,5063
1981,1150
3811,709
4547,730
5,362
4877,253
273,391
4901,260
4976,7
3117,5113
797,3016
3194,15174
4330,14393
2845,12599
2336,10762
2174,8404
3036,17987
3172,5012
2779,9699
2660,30984
4071,11355
1782,5034
163,311
2463,17618
2626,26232
2123,9959
1307,3710
4160,3508
4986,130
2183,3110
2737,3414
2947,3255
3748,3566
1940,3385
2731,5829
1022,940
1576,803
5029,2228
31,181
1082,159
4792,1649
5069,159
4237,325
815,94
2646,19087
2705,37052
4741,7399
4615,5048
2841,12512
2206,13525
2351,7319
2775,8260
100,224
4961,58
4247,1237
1106,12990
908,1548
4941,2249
2337,6842
2902,1953
3676,817
1697,1063
1383,25733
2603,8129
2437,9460
2571,13293
2831,6437
2118,9865
3285,2365
4280,304
3340,7298
2554,8715
3224,1360
1749,4831
1254,571
1616,210
1901,6668
2426,8708
4752,1946
1874,2307
3892,7384
912,1757
2098,1743
1079,767
4954,14
1568,5193
2251,9692
3905,13040
18,4173
3125,3030
3309,1418
4759,10075
3114,557
481,4347
2258,4419
3876,2524
2552,6842
359,14
523,1114
5030,485
4431,1533
4617,2517
4296,427
4295,231
3523,825
1978,347
4809,485
4240,36
3243,51
3338,9279
3444,1982
3027,11970
2448,12172
2099,1085
2322,7073
3134,3247
1473,557
1630,1027
4796,1519
4767,5678
476,1201
617,181
1250,362
70,1584
4512,412
1974,188
4244,159
3221,376
1052,485
2438,7232
2798,17532
3282,5938
1016,2119
3113,15673
4140,2669
1829,2351
2766,3580
4557,6878
2444,6155
2300,2177
1354,665
2826,5424
206,3595
4762,3508
3789,1338
1520,3132
2077,1070
1659,926
619,369
4928,275
3955,1432
3674,485
4867,528
772,80
745,203
733,80
174,58
2612,23766
2711,29632
2803,26630
1509,904
2371,17430
2250,10169
2835,11427
3595,8925
4576,3392
2365,7102
3274,1352
4458,3175
1959,2936
302,2676
168,3305
921,4426
2330,9489
502,1808
4159,5461
632,4354
3321,1439
1232,3139
4201,224
1816,3609
2002,1078
2140,1352
2734,868
761,246
453,101
4971,7
505,3298
2723,25683
2649,23375
2935,5728
224,8021
3213,3580
2357,8896
684,2647
981,4954
4590,2401
3092,969
364,246
1182,1425
3252,340
1657,311
4919,123
1863,1013
3549,1823
5010,188
5028,80
2359,10162
3002,17871
2360,5721
61,2589
3052,26890
2555,6032
218,2676
1424,3255
496,2965
1276,10936
3339,9229
3333,2517
2157,1548
4133,383
3790,1613
3982,1179
1398,1237
1812,3739
2597,839
649,5128
3534,391
2009,542
2268,3132
477,1512
658,427
2018,1808
2892,861
27,289
5042,448
5036,29
4030,10415
3112,5989
2308,6712
3693,5952
999,9113
997,1700
1421,4831
1275,5518
2929,2264
3919,6864
1263,325
1238,1150
4563,4773
1845,3298
3139,2994
449,3327
667,383
1798,1439
4345,2582
3737,723
3482,730
493,738
639,224
274,629
4489,188
75,123
4998,311
4756,10581
4107,1931
2334,17712
1550,8954
4606,2025
1809,17966
1893,2271
2965,35063
1554,2582
2873,8071
4146,1352
3712,7196
2957,6791
3980,3479
1663,11044
4021,745
2751,4846
3760,2821
4009,550
5063,383
4158,528
1294,2654
2833,13308
219,3030
601,579
3640,23932
1822,5475
3609,6560
3913,19275
4014,5294
166,1555
4461,441
1007,1953
1639,2047
4644,4549
3539,3197
3451,615
614,1931
1337,2893
1060,260
4037,1432
4445,499
1777,593
1995,882
4261,875
801,166
1792,1049
596,383
5001,159
659,43
549,3783
2981,22406
640,2032
1834,10531
1887,3385
2631,29885
2441,9995
3437,7399
3351,4933
140,5330
4495,94
17,2336
4273,340
4407,4629
3511,2011
3774,868
1433,911
3939,4759
3228,2459
1676,1389
2325,2134
1633,550
4186,1917
4446,1172
1772,419
126,846
131,101
1092,8744
2616,32546
2481,29697
3048,19398
4404,7066
2802,20446
1131,644
1769,4752
3329,340
4712,1403
3336,5468
26,745
2794,2589
1865,1577
1964,514
227,1736
905,2589
4968,600
5040,383
1261,658
286,137
1061,521
3536,318
4640,1446
1453,354
4490,137
4601,15253
2712,21618
3930,18551
3721,5967
3038,14111
3722,4904
2637,24504
1652,2126
2710,22312
2342,12266
2187,19672
1419,3934
1946,4303
773,94
835,622
4111,564
1559,2329
4552,926
4870,275
2763,2083
4815,1389
4775,1837
3987,1497
842,289
1144,998
3436,947
1139,130
3000,23773
1137,7985
4865,3703
3186,14291
2971,8028
1908,9214
2933,5844
4696,3218
3566,3190
1114,2083
4312,1880
4035,2155
1884,1396
4352,1374
3576,6386
558,745
1448,608
2006,1410
375,1273
1854,3370
3882,810
1040,72
1272,14
3182,4318
2591,13481
1644,18291
2075,8614
2925,15369
2267,5779
2324,673
2510,8354
3020,12592
3160,11543
1904,1367
2127,5005
89,571
525,152
2538,9670
2684,9272
2280,4296
4314,224
904,3204
4639,890
3421,7580
4860,485
3560,3139
4313,282
4019,362
228,383
77,87
4498,72
4232,181
2453,13207
3865,8686
2695,19484
4537,9814
4137,8881
4416,7088
4521,6676
3159,4723
1698,1830
1414,2864
4827,2119
3061,3703
3183,2351
4336,1381
1464,571
4212,825
4192,2278
3301,882
3962,1128
932,1287
841,101
1128,774
798,210
756,354
4926,137
5056,51
4720,4000
3689,6271
2817,10661
2485,33978
1922,12816
1890,919
2864,4622
2566,8382
3917,14971
2859,11160
1883,5952
2500,5446
4641,1309
1656,1056
4551,644
1625,1656
4128,1128
1203,1656
2049,1338
4779,2604
1331,926
347,268
2051,542
4184,550
464,137
3246,166
4301,1041
1831,9923
976,9836
2491,15781
4643,6054
3915,12527
2348,1381
3667,4672
1740,3457
2269,6618
2927,4448
4711,2669
1396,3370
2735,1577
4900,376
2198,369
4169,1475
474,579
1066,890
3035,10610
1301,21350
2493,3884
3940,20070
2627,15919
2825,8433
1570,6213
2107,8816
3568,1070
2540,5121
719,15572
3032,25813
2243,4730
1989,514
4479,318
4916,2061
2080,5316
885,962
4380,1056
722,1005
4003,1266
748,687
220,564
2011,463
4946,470
1237,810
4845,991
3485,181
1939,593
4356,405
4869,87
197,116
5078,130
2579,17763
3008,5772
1069,1931
3177,15203
1148,1743
2851,11478
983,11355
1105,5084
709,803
4735,3696
4022,4961
436,3956
3994,1063
901,810
962,687
2422,4376
4202,217
4605,506
4999,1179
4285,174
5055,36
3081,28793
3894,21791
606,4036
4110,1663
3022,13069
2044,11890
4450,6169
2581,13329
3975,5504
2467,2278
3791,2068
1149,962
4190,174
3164,19275
3881,2748
507,1924
4933,1425
2728,11818
4161,832
1107,1410
4357,3493
545,1099
2116,2531
3465,846
1992,1287
1437,1251
4915,166
1078,347
4505,716
4948,448
891,108
1184,22
4689,2264
3658,20656
1951,7160
2468,2546
3056,22573
1247,9315
2994,19759
4754,2336
1027,1830
1527,2474
95,5301
4331,4245
93,1266
4493,962
1571,2495
4311,622
1762,311
1966,521
3907,22327
2315,1107
2820,15268
4101,3927
1839,10632
3924,22884
2428,10878
2686,9402
1683,5395
2257,4867
1716,12939
982,12548
822,2163
4745,3855
2066,419
4810,940
4647,1823
1852,4419
3361,4405
1451,362
1312,1786
927,1136
3769,362
3473,268
1538,1410
1432,781
4858,188
2022,87
819,22
3079,21799
3053,23035
3240,9605
3899,22413
4614,7674
3880,6893
2629,27852
2435,16555
40,832
4427,3291
941,7232
1802,4245
2507,5518
3495,4159
2328,20251
1461,1374
3763,7732
103,1418
1817,1454
1397,817
38,955
1231,1056
369,203
1627,1541
2152,615
4533,325
2658,25162
2484,33725
977,8976
3335,3197
3901,21509
3152,15499
1682,3038
2584,9041
2636,10118
2008,947
1667,362
3874,4303
4342,9330
506,1027
585,506
913,752
1297,3168
4622,781
1059,174
376,311
582,246
4348,6567
4883,3305
3497,12903
3943,23896
1693,2864
3094,8563
3925,15557
271,11558
1465,3978
2122,1837
3508,3660
189,1403
2600,1902
270,608
1201,803
2362,12447
3322,4036
1739,13503
2665,14017
3861,13344
3410,846
3004,15340
2593,2416
1955,1287
2143,6220
156,4224
2672,14284
1426,3493
338,2741
3109,4643
2370,11044
4100,5547
957,1533
779,485
135,304
44,1627
303,1193
1170,557
288,80
190,239
4491,268
5012,101
1889,3652
1513,4947
1084,7261
2716,9221
1713,14356
2395,17886
1842,4144
2726,9807
4669,1953
1206,622
4000,2285
1700,1967
3304,3551
1830,1859
3236,926
4559,839
3097,1121
4228,108
4452,11543
2215,7638
1499,14096
1116,2973
3628,1866
241,5157
3766,1635
728,868
4400,2459
1567,2958
3204,1287
2513,5504
82,846
1326,1309
1442,1461
3471,875
2806,282
5021,51
5073,289
1245,405
4483,58
115,224
3817,137
2619,10053
1400,2481
1815,1519
3681,12035
2692,23166
2223,8585
857,6676
2992,22746
2824,9048
638,260
2506,12505
1393,904
2713,19166
1063,774
2674,7189
1523,1700
1033,4296
2955,7623
3520,2792
998,2589
4982,2676
3238,926
4764,1598
725,593
1120,1092
193,195
3147,1121
283,297
755,80
1199,58
3001,23571
2998,15297
4760,13619
1723,4810
4029,11326
3397,11095
2190,4477
2261,16157
2788,5410
3256,2669
4480,5084
650,3754
1209,4383
4401,1685
1963,1201
1872,2712
965,1895
3870,817
1617,969
3398,325
5018,253
805,108
852,22
398,2206
450,2365
2356,19477
3332,1092
3840,3493
1262,22385
3318,260
4353,2900
4193,1266
4406,7449
4108,11167
2523,1823
4288,2264
3846,5265
834,340
231,759
3887,911
2922,2401
3270,195
4610,2640
3593,702
1558,3754
471,441
5020,80
92,231
380,608
2643,28800
4381,1244
3050,21683
3928,29429
3382,1099
4636,10914
4046,2835
1766,2915
122,947
1177,1786
293,1092
1564,2842
3701,2264
660,4860
1950,1931
4172,152
2254,7478
869,788
4023,3240
615,3783
2176,1526
294,1548
3142,304
1471,94
3034,26724
3704,14364
1674,12512
3184,5714
3158,19629
2326,1201
2650,25155
4678,10451
1399,1497
3500,4245
3344,7377
3156,8202
671,3486
247,3023
4630,1020
3190,2495
968,405
2884,2647
4008,796
1997,542
1077,3139
576,2683
3617,4050
3258,1410
2236,1114
1741,1635
482,557
414,275
612,658
4322,419
108,181
117,195
2511,21068
2670,13930
4783,1186
261,5215
2834,9381
1755,3667
2653,25191
2109,9843
3178,14414
2609,13424
3678,9771
1708,12903
3135,2893
1583,1880
281,477
929,636
4002,550
4089,3696
1973,304
4122,174
461,1063
1291,1700
4897,658
4344,2387
3531,492
816,1606
4194,181
58,275
821,145
949,58
3065,21206
2175,4347
2413,18096
4398,6719
3873,2401
2608,8889
1578,2278
1591,3580
3843,6451
2632,21517
4062,5772
2259,14176
2574,10003
1925,1201
3668,3833
3099,5367
4507,933
1886,3204
4248,3233
4732,3508
4996,3226
2043,347
1057,289
3192,427
2908,991
394,427
2918,1446
1244,347
877,441
741,72
3085,17264
416,9250
2645,19209
2641,17871
2987,31396
2457,13445
2743,17040
3900,18175
1239,4224
3009,3464
1129,4788
1122,4455
3736,752
1264,1895
437,4875
2594,441
1248,1374
1628,955
1321,897
2007,998
3813,1273
751,72
3217,246
360,101
1561,6603
1080,2792
2792,10292
3232,1541
2761,4759
2589,3949
3918,12281
511,1830
4090,3023
3751,1996
2352,3197
4807,1316
731,1620
3851,4173
1363,1909
2240,3103
616,1157
3253,774
4434,774
1595,3291
1096,7211
2050,1888
2501,3725
3542,10603
3616,12809
2919,2980
2212,2864
665,2850
399,1396
3859,1526
5075,745
1996,535
3349,1338
3472,738
1146,398
3475,354
865,116
363,87
3815,65
204,152
673,94
3657,22435
2405,5728
2614,20866
1035,2097
2577,17546
2452,11109
2985,72535
1702,6502
3612,5439
2425,11124
1181,6567
2384,11825
896,369
3359,4954
4612,919
2289,15514
1983,853
1763,4195
1123,1475
1037,217
1560,1707
1293,933
81,810
3799,2517
1005,2951
4487,210
832,268
1163,738
1268,304
4077,383
4214,188
4081,629
1914,11796
4367,984
4574,1627
5033,1721
1319,1504
3835,1692
2083,5793
3862,3667
48,1663
3269,882
2132,1150
259,752
1186,398
5009,246
153,246
4957,72
5024,87
2358,12910
1174,9192
4799,4593
4742,2958
4064,15492
2529,4889
1289,1454
1274,6155
3289,1150
4618,5735
407,13684
3502,11601
1715,9699
1034,6256
2528,17192
4750,7334
3505,3226
4294,1649
3235,1020
1813,3450
547,1692
236,5844
1406,1519
1313,3096
4654,1215
84,1938
1169,1721
792,2625
4950,550
4359,1143
1534,2879
4545,1526
3374,1620
1132,282
4528,477
4965,29
838,22
32,4101
2434,15702
2549,4028
4588,8708
4351,4708
2753,10111
3356,5634
2526,24366
4134,4238
1867,26174
3064,15600
3430,6820
2071,4824
3400,7891
3830,4144
4451,3963
4611,333
1653,1136
405,1078
116,188
3783,1504
1353,658
1752,1374
624,253
509,796
781,260
1024,4115
3467,2300
4700,7883
2697,25061
2331,12158
1085,5453
1150,5374
2228,1497
793,456
3341,1548
1937,1251
2777,2589
4585,1649
4170,427
4025,1837
4328,441
1778,1418
3730,774
4910,137
149,108
4230,181
3219,231
899,181
391,159
5031,65
318,43
1837,15767
2220,10625
1226,4716
3086,9829
3440,3949
1745,1179
4164,383
3313,5894
1031,3414
3885,8187
4911,3660
4302,3132
1811,4311
3621,5764
3311,9171
2850,5699
3267,1454
4033,6509
2894,2973
960,65
3143,2416
1338,5019
1952,528
3445,947
4841,1230
3732,673
4991,130
4320,1258
516,456
4861,188
4544,463
142,94
3423,6415
2230,4600
2622,15456
2559,7110
2219,3804
3100,9062
3651,22536
3543,2032
4725,2502
1095,5244
2388,13648
4219,745
3342,3812
1801,3182
2815,9004
2783,1757
3825,1483
4383,1244
3972,752
4477,3103
1726,2387
1374,3544
4839,1765
571,2358
1843,2018
4541,1099
5074,195
3286,441
2061,579
1666,1013
4433,203
2938,694
4047,1222
588,904
2024,246
3677,108
668,492
3244,123
4936,29
2652,23744
3934,17004
4963,463
2996,28836
1160,4824
3956,19426
1403,7218
2440,24229
4831,600
2740,7384
1230,253
4087,4217
4259,651
4114,2669
3116,1157
4774,1866
4350,1606
599,1128
3096,1555
3686,1107
4481,289
56,108
4826,4412
4004,11789
3596,19159
4728,6820
1600,3059
2197,6647
4514,2416
1211,1852
409,9909
763,2097
36,882
2368,12642
1806,2155
2567,2163
1423,2257
3675,6083
2909,12288
4724,2083
3254,1078
2962,6610
295,1005
4174,702
2033,239
211,1685
1894,2770
3556,1671
397,940
4628,2040
514,94
4890,231
4519,340
768,51
2934,9894
3023,16150
2103,9120
3075,30955
3168,5352
2476,23166
3602,2799
3214,7406
4393,2018
1440,456
3091,9807
3037,2719
10,1237
1295,1136
420,3992
2270,2813
4751,1475
1009,3030
384,1114
3991,1258
4468,405
4499,58
2332,15644
2615,26073
3950,2437
4978,4065
563,1027
2721,23021
2063,716
4334,745
3664,11934
4755,3023
4603,7992
3647,15825
2104,6039
603,1381
546,1425
2893,955
3450,3327
2150,730
3990,600
1660,919
37,376
2941,325
4250,94
2920,12686
1675,4014
2583,14349
3941,11131
3209,15687
2291,19774
3014,32647
2978,5084
2853,6936
431,1974
4844,694
2568,1837
2733,1490
1521,3689
49,1041
2124,2944
2030,745
1979,203
5007,260
4136,195
275,3515
2764,5562
2262,6271
2607,22724
3130,11912
1823,5280
3067,12816
2689,15789
4332,2929
3005,16382
2662,19159
1003,11919
3129,10791
2960,12671
2923,5663
4591,2944
3388,2394
1229,1237
2298,2170
3303,1179
4503,441
3708,1143
2015,608
4432,875
909,1591
3561,2018
3462,709
3461,651
5080,195
395,405
3384,564
2068,174
3076,22573
2966,32995
2397,4528
3687,11774
1214,3963
2387,14516
2921,10024
4632,5902
3484,3414
3683,4802
2928,919
3474,1512
181,919
1284,2539
306,159
934,1056
3804,608
607,709
1327,1172
4692,1663
1658,514
4876,803
63,36
4287,456
2320,4419
1912,14147
2999,23122
3242,1432
3510,8310
1552,3132
2214,8484
1420,2351
1343,10538
65,2047
5054,1606
4043,1258
1998,1895
1709,2705
1240,1844
1677,5996
4028,6560
235,1389
1086,3877
225,3385
2786,528
312,354
4181,680
1119,1338
1067,123
752,43
4846,246
2461,23318
1751,1099
4168,1830
2706,27852
2135,1446
4832,3855
3638,4311
2878,1360
3753,6885
4419,2148
4578,5808
1632,1656
1325,1541
3575,738
1573,4817
1386,1287
4673,1396
1574,1938
1270,419
4,340
121,940
641,65
3592,434
3775,246
1019,130
2722,26428
4413,10133
2585,8874
2338,13843
1049,3284
12,2589
4103,14986
4396,5395
720,4347
618,615
1525,3537
630,2524
4234,434
4657,1230
3385,1164
339,1512
3588,1114
473,318
5039,1418
2042,304
4881,101
2343,11492
4050,2575
1553,6234
2286,7138
1694,2748
690,6430
3457,2481
3292,13915
1417,5880
4770,1974
4040,1114
2551,4470
2404,11275
1025,2032
1197,1475
2093,911
3614,5005
4321,4672
3567,1273
4592,1121
4435,1237
1807,586
4955,340
587,7
651,4043
2427,16635
3324,1917
2128,3088
1846,2900
1121,23600
1730,6842
3211,13518
2857,6379
2880,3305
4718,2083
3218,2018
508,3226
4423,1070
4152,2893
1098,1244
2137,3052
662,2951
264,412
5026,2025
846,253
66,188
4178,145
4475,130
3427,7117
1704,1410
2656,31194
2207,3124
2366,6473
3501,5938
3376,557
3620,14689
1101,4535
2195,752
4338,1237
771,275
91,571
2424,694
4463,239
1164,514
94,210
760,51
175,22
4522,7
4600,16816
3842,4904
3719,1352
4270,550
3006,17944
4420,7196
2227,2025
1850,9077
2539,2936
3765,3710
1517,4397
4987,955
2182,3855
1885,2987
2239,1078
2234,398
3290,1454
2057,2756
3216,2257
3470,868
4145,2734
2503,1013
4207,600
4798,94
161,145
1615,101
4918,87
1219,16063
2527,13836
4061,11435
1913,10950
4284,6307
1719,12556
2378,12288
2990,12592
1073,2076
2399,6849
392,1425
3587,7985
1634,4499
4281,933
3571,1078
2548,1873
923,550
4426,159
2226,810
884,441
637,1070
5061,470
1649,557
758,123
4922,116
2301,962
1761,231
4534,137
2883,600
677,123
2542,17293
2848,12129
4543,1107
3051,16946
3604,6871
3045,20056
3073,535
1292,2011
1873,6632
1800,2264
151,1620
3782,1070
2173,2032
4455,1244
489,2799
4734,1541
4079,788
661,1295
1849,4101
2916,2271
4443,1150
355,166
3479,832
3070,10335
2852,8491
3942,18653
487,10039
4447,4542
4790,1396
1102,5649
2518,1396
925,5952
2159,3501
2769,2633
1178,3645
1438,564
1388,1056
2010,658
1699,1201
2907,412
5047,174
5002,166
321,166
4952,87
367,29
2472,17307
1153,12020
2969,34774
4688,1222
4695,3898
2651,27563
3845,8122
3416,3573
1366,2871
4849,868
2114,1193
4206,260
3680,6234
368,311
2515,2929
2499,1034
1364,1403
4227,434
1546,875
1626,1446
4795,1352
579,1230
129,354
4501,7
2704,27382
3594,1425
4097,11369
3796,2676
2655,22710
3040,24721
1125,1099
3989,9641
2,3558
2911,16244
337,4781
2905,1360
460,825
4057,2032
2961,6936
1154,7818
3371,2206
2937,680
3464,767
2194,629
1781,1193
3611,11984
1522,1786
278,1005
1002,2416
196,1663
2153,687
4566,1808
5035,58
4072,1794
2451,25357
2874,8115
2972,21047
254,5417
1928,1620
2535,3435
2381,13908
2639,13633
1717,7999
3396,12201
2420,8693
3966,3501
1991,2553
2003,1164
4052,4817
4223,3378
1662,1642
2312,2358
4520,2242
4442,839
765,1577
3977,1808
828,2698
3448,947
2171,427
370,174
2525,21625
1537,8137
2590,10263
3175,19557
1306,2539
435,9880
3824,1013
664,1512
2273,3522
1223,6343
2800,11811
1188,1613
4106,11919
1091,8375
2284,4817
3522,2032
2534,1736
1703,1526
1945,5193
1876,2647
590,318
192,3327
2081,803
311,3153
655,318
956,477
972,166
1493,116
848,22
2647,19680
2382,18016
2509,11623
4709,2582
4409,9077
2780,4752
2901,2466
4744,4665
226,5902
3688,6799
3798,10183
3696,17119
340,3891
1647,1041
2027,2973
324,2662
2973,10885
504,1967
4375,9366
817,810
814,1215
3601,3139
1380,882
80,231
569,781
2807,354
693,492
4268,166
1619,239
2746,101
4154,5916
1362,6690
3750,8144
4177,6017
3705,6177
3403,10784
4561,1020
3422,7254
707,2083
4804,2358
4966,2083
4538,1931
3215,8086
3685,1786
2536,5815
2055,629
1373,723
1498,976
2732,2032
847,181
301,152
1975,224
1369,680
611,817
4421,665
717,152
4866,145
2456,22717
4065,10899
3974,7580
1324,2618
2678,13387
1218,11449
1310,11283
872,6712
1224,8795
3198,7413
2347,13149
1803,2090
2886,3450
3380,1020
2271,3378
3223,7160
2295,1461
4649,1584
1970,571
4325,347
1409,4115
4316,608
532,58
3920,6336
438,3009
2717,18718
1251,1280
3120,12693
3033,25943
4007,5489
2367,10697
3715,12020
1329,2011
3093,1598
2854,6603
699,369
3552,11369
4379,1642
1767,1092
4229,145
1195,123
979,3609
3187,14335
1112,6205
4157,3052
2648,25625
685,7124
1856,12353
422,9836
415,1591
3709,2973
1318,12078
3764,5815
2407,6328
433,1461
2863,5533
5060,557
3489,600
4189,260
4969,108
543,116
595,311
279,268
3399,5634
4862,1837
4402,2936
309,2813
1623,8751
2423,12910
2846,14378
29,65
2443,15572
419,4687
3406,12563
1099,4672
2989,7688
3268,752
1943,3638
3546,506
1483,1772
2058,419
4179,2510
2201,1591
3802,253
1735,897
4542,875
788,427
2108,210
4977,217
1205,759
2180,514
724,203
69,87
703,709
836,22
626,8766
3078,27144
1526,788
974,6618
2784,5381
4355,1345
87,3833
1135,4115
1915,19253
1508,1729
3716,8737
3583,3985
4376,2662
4476,456
434,2994
73,123
3207,1859
2772,3573
4828,528
468,788
686,1548
4595,745
4531,579
890,29
2633,24460
3325,11919
1931,5591
3662,18067
2699,25133
541,6654
970,2712
1729,6191
3952,17777
2942,1584
3337,8592
2090,1107
4195,991
4786,897
5072,116
1805,839
1032,1815
446,1497
2111,1041
3978,810
3,456
5000,550
478,116
1056,166
5064,14
2578,14038
3944,6921
2778,17611
4163,7515
2085,4151
3889,4224
2738,12317
3532,297
2305,1548
3072,3023
1758,9330
4808,2640
3529,3211
4131,4296
924,564
4117,796
3131,4853
786,1230
3814,2307
443,1237
4484,3363
910,1034
1136,636
4182,1627
652,354
4366,130
34,174
880,94
287,9836
2842,16259
4510,4260
2329,29306
2288,11442
3833,1714
4834,8361
1642,1331
4147,369
1477,3667
3559,1005
3154,6039
789,716
389,195
966,2336
1300,4773
3720,1208
670,2343
995,398
4264,181
1655,5750
3642,6242
4593,1837
1124,2025
4200,499
524,485
895,116
365,65
4166,318
425,441
4887,210
737,347
4814,17973
1530,1468
3148,2958
1926,4556
2913,5981
2654,21430
3087,23209
1938,738
4791,188
3636,8209
2100,6748
2385,13272
3927,6647
2156,1302
1911,9720
3544,1765
139,3153
1988,4622
310,492
2113,2734
2188,3435
2889,1663
4469,210
3727,644
250,1367
1510,1237
2126,1569
146,4665
3395,752
4235,239
4951,116
4985,43
1109,11369
3098,9655
3935,8650
2758,14892
1918,2799
1252,246
559,2705
2185,2430
4974,297
2564,3826
3507,7081
2926,4528
352,1302
379,767
4289,796
3261,1063
4449,1721
5022,2264
4995,231
2019,268
1347,1707
782,145
2708,35056
3379,17517
695,788
3429,5482
2478,33045
3447,832
2749,2257
1089,6046
1882,2264
2576,7276
3452,3168
4701,5113
2017,774
4698,1396
1679,2047
3807,803
1296,1114
4613,1063
1747,1302
1932,2698
160,152
8,14
1977,4043
1764,3522
2816,16837
2975,28337
2561,7327
2454,13272
1117,1671
3577,825
4681,5764
2882,6466
4819,846
3063,10436
4020,1454
3391,3291
1407,8997
1821,7182
1227,919
3723,1345
2211,1837
894,43
4896,579
1737,72
3981,11644
1814,2249
1971,629
796,1895
2323,4094
4054,2915
2309,4745
1367,5620
1277,8079
1605,4361
1589,2835
258,1504
4112,3732
2380,13235
4246,3457
3449,2271
4310,1244
1345,665
1563,1454
1054,3305
479,506
4271,282
2014,832
692,412
787,210
4863,51
1452,130
951,22
1501,2568
2580,14718
2504,11774
4104,17937
2247,4759
3506,6596
1045,7804
1707,5735
2496,2951
4080,7088
3541,4419
1336,506
1482,3435
1651,1164
1984,969
4199,304
3095,991
4565,882
570,861
203,419
184,87
4196,253
28,87
4266,593
22,702
888,58
4224,152
3327,29
636,2213
3682,4043
2532,5432
3171,3623
4663,1013
1283,9713
343,2618
2685,10256
2570,5938
423,7609
2630,24301
3402,9851
1562,2025
4833,2944
4972,716
2946,1830
1609,730
1379,861
4703,12107
3358,2604
1794,1909
843,159
5034,130
1062,224
3405,1439
628,282
3247,246
813,217
808,43
199,174
4889,311
539,43
917,188
2774,2061
4343,5056
3080,20815
1804,3848
2389,14552
3936,15521
2967,28091
4457,984
663,3226
2013,6632
1982,8173
3504,8057
3630,2944
1941,6705
2610,23751
1788,10357
1536,4904
2121,8853
4802,5027
4362,3197
3565,3349
4088,2423
3801,2408
730,441
1213,2264
3726,470
4912,203
4221,268
4429,282
4979,137
4925,137
1722,11970
2752,4108
2773,2177
556,3804
3105,4253
2991,23737
3663,14472
4582,12787
3512,5395
3770,1598
1427,5808
3137,3312
2814,18913
1334,2842
712,5511
2282,8881
4693,1721
3084,10805
3999,1403
4305,1982
4659,2155
3879,4658
3226,3551
4587,1425
2231,2293
2903,1020
1013,1895
597,456
3191,1107
3509,3486
1070,687
4949,29
1888,1692
1455,311
85,101
2862,12339
3929,13474
4198,4578
1919,10639
4633,25328
1074,6336
3605,9858
1357,1316
1711,12245
634,919
3354,3088
4086,4130
973,3175
16,636
4365,3182
2977,3291
2167,1555
1143,1403
1696,1562
4989,275
251,1497
3251,6336
3649,3197
644,1526
4930,181
1475,723
4540,3139
4874,1078
488,832
1565,991
4653,839
3315,51
742,210
52,477
35,195
2005,217
1613,137
3126,8657
1405,7102
4748,14140
2642,15463
2671,14002
2263,4108
183,5258
4835,3016
171,1157
933,2654
807,1107
1598,810
1635,2502
868,304
2421,347
0,221444
2303,1642
2765,3783
3106,7746
4511,817
3548,13763
2390,19123
4418,4311
1428,2640
1457,16338
3181,7594
3279,3443
4562,600
1303,5113
187,7081
3666,8187
2000,890
2035,1070
4430,984
3691,1273
4363,1230
4392,1844
964,955
1476,752
4852,550
441,174
2668,8484
1064,6097
3305,12353
3433,4159
1580,13163
4378,3710
4405,3891
3997,1620
3625,4875
492,1439
4053,11268
2221,1352
2340,9735
3021,13655
3864,11131
2906,593
1860,16049
2875,3978
876,485
2900,1186
4624,933
3208,1410
120,1946
1671,528
4670,528
889,441
736,282
4309,195
3923,7160
2537,8462
2974,6307
1108,2213
1827,17655
2860,7688
3042,25126
1446,3233
2690,15355
4395,7464
326,239
3377,2365
1665,1367
1905,2944
4036,4636
1868,3558
866,1468
1551,665
1384,579
4940,333
1046,506
4931,369
1161,152
548,861
1267,137
4239,347
4263,253
4868,275
1257,87
2744,3501
631,11890
2673,19484
2205,7370
621,9496
2480,16128
1323,1512
3197,8303
2274,4542
716,419
2376,12006
4060,4614
3610,8455
4836,4723
3590,485
5068,354
3233,3016
1799,1179
3355,3009
46,253
1502,911
4651,608
268,166
3369,2343
4859,116
2694,17076
2473,26789
1899,4788
2914,15875
3868,5526
906,448
3912,14624
4364,12888
1851,6827
1053,781
1786,123
1130,4672
3518,4622
535,1186
2092,998
374,2163
130,369
3115,600
1689,593
1253,608
4006,6950
802,72
147,1041
4579,8903
164,12201
2335,6256
3151,15687
3170,2517
4621,1360
1175,1743
4992,3385
2179,1635
1243,499
381,969
455,984
207,2155
1444,593
4208,145
839,354
948,51
2106,8722
3984,19094
3699,16852
1835,13915
1017,926
2611,20482
4847,3783
3193,5591
1858,10516
2148,817
2719,9974
208,1345
3343,557
1288,1692
1515,1663
4472,275
78,1164
790,1013
4286,825
770,51
4555,1049
486,5952
4456,2517
2242,1468
1577,1070
501,5489
1832,12071
2062,825
4109,11152
1404,4911
2191,7290
1196,1852
2839,8180
2997,13221
2767,6495
1750,2459
2459,5764
1134,1613
4530,1837
1339,2148
5058,1056
1611,427
4589,1598
1271,268
4225,246
5051,427
328,231
2512,2242
4067,13510
4441,5106
3669,1266
2086,13279
3903,13250
1847,4238
3871,6770
4093,13821
3039,21488
1927,3566
1796,933
290,521
198,1519
5049,282
1921,3855
136,325
2940,3038
620,1808
3788,1143
4567,911
1208,369
943,354
845,159
4525,116
4664,6705
2169,10364
3046,19817
1734,2857
669,2618
1000,10024
2102,2322
3049,19882
257,5540
5032,123
4944,159
4436,174
4226,3067
4891,2264
4058,340
6,217
2745,137
118,101
2667,22204
2516,10827
4550,5092
935,6683
2666,18826
3503,15427
3348,7399
4319,1584
3926,17843
1916,12208
385,2770
1820,1815
1216,4419
3010,1837
1668,1143
3353,1331
1540,1461
4126,1475
1541,600
4116,101
1439,456
3758,195
517,108
1200,18219
2575,5598
1308,7146
4694,3732
2843,15579
4713,1374
4599,7854
4113,1107
2165,2445
341,1519
3718,2481
3460,774
653,340
3415,354
753,36
4973,101
4781,137
185,137
3202,5808
2936,8997
1402,3074
2657,21951
4899,4882
1408,6545
3366,3595
1976,5027
3026,17676
2178,6205
3579,3139
1172,11210
329,1852
1023,1497
1705,5388
1585,1497
4677,8809
230,3370
4173,3696
1490,2401
1187,4802
4635,933
2747,723
3757,485
3995,1454
256,2445
1351,1136
2599,1316
2952,3508
452,398
2145,2531
2041,246
4885,304
4187,195
3420,152
4964,224
4967,123
537,65
4970,87
4935,22
1087,9041
2412,12773
2613,27433
4257,4860
3778,2727
1857,2213
1654,7912
1157,1367
3487,304
2311,3949
4627,5468
1738,1620
1942,6878
3877,1808
2163,1866
967,1027
799,723
3409,2575
3295,2481
3563,3059
201,159
3816,65
4680,4332
3910,13677
2687,8491
2797,20085
1935,658
2494,12968
4347,2611
2217,7594
4307,7558
177,4397
1110,3949
2787,9272
604,2907
4384,1888
2304,1974
1378,2669
4374,861
4099,3081
4075,1164
4666,1721
2809,3414
344,2068
4318,579
1871,2495
678,376
3535,108
1167,955
1147,224
4459,159
2625,14458
3850,7290
2213,6632
2470,8303
1947,3840
3639,8744
2290,11637
1566,5815
3599,6249
1346,571
4983,3067
244,8665
229,3558
3626,8397
246,8202
702,13800
4085,2141
978,5504
2283,9554
60,3262
413,4520
4706,1244
90,3472
4656,2314
104,159
4704,3616
657,506
3954,636
68,130
2976,28445
2297,7117
3963,8079
3330,738
3603,6972
3585,12375
1171,9706
2844,10176
1165,4773
3608,7768
4535,1721
3713,11630
3540,4238
3469,969
2038,419
4785,1020
1771,181
1391,434
4959,43
2768,1504
2832,2401
1356,2633
2449,10740
418,10509
2621,13062
2278,10444
1875,3609
2956,9265
1382,839
4556,2242
2498,1649
4382,1895
1785,2387
2168,1345
3278,2003
1381,1468
4784,1273
5065,65
194,108
1358,18580
2661,21835
2072,14725
4063,7732
4842,730
2355,1548
1825,7175
3174,21097
2465,13518
1234,10436
1113,10690
1472,3638
2475,30181
1434,1418
2321,7941
404,7146
1968,2886
1759,3067
3459,730
335,2329
994,4976
2958,11565
429,1295
1967,4614
354,3385
1385,1186
3739,752
4308,651
19,130
4502,159
5014,246
3138,875
578,195
3623,9033
3896,18479
2502,6133
2635,12606
4871,3407
1685,1642
3951,514
533,521
2782,8252
3921,6885
837,2068
4231,4658
2374,8628
1038,2213
4697,2510
3828,955
23,3963
3323,1063
439,1403
128,1143
1316,1063
280,1244
41,354
4981,354
1051,1352
840,14
2373,11131
3157,15073
3047,18277
4121,7703
4924,2813
530,5309
102,1114
3287,4658
1302,767
2060,4650
4191,1779
3780,680
2870,1931
4290,2408
1878,10097
4616,4998
2287,11492
2519,11167
4811,4665
345,19311
2899,10502
2810,6784
4139,1946
2520,12780
2293,8404
3945,4036
931,897
1557,2040
4368,391
4275,882
4385,550
4596,6083
55,419
4571,1736
4902,210
1210,2170
1924,991
1489,687
3237,1186
4346,1201
2982,37652
4349,673
1422,4643
3069,8701
4739,4990
3746,1237
2869,10220
1456,774
2682,8860
3659,18117
238,4795
2582,14928
491,969
4763,5511
2204,3479
2237,803
1688,2105
456,22
319,557
2004,304
111,1237
2105,7977
1533,8520
3453,12693
2770,7102
1790,4470
4788,1157
4041,3262
2688,10509
1311,1446
694,3182
723,911
4513,3023
3390,5417
403,391
3220,846
645,991
349,1635
1190,694
4115,87
263,311
4780,80
1468,369
3370,325
4945,116
3082,22189
3655,21473
2391,14429
729,2777
4602,14545
167,3291
2160,2040
3761,5106
3847,11890
412,7536
3294,5309
936,2495
1344,1005
738,810
4327,644
4394,1663
1961,477
4773,817
4238,875
5011,159
5025,14
1441,991
2369,13583
3185,5772
1506,3877
3538,3233
2344,7030
3273,8433
2867,9974
3498,6965
2246,5005
3456,2524
3438,4426
5043,3327
3262,4274
4895,882
1348,694
2410,2365
688,1309
1315,955
1443,340
373,600
914,354
2233,470
2497,1302
744,87
25,253
3018,13720
297,3392
4655,7753
3083,26341
1828,9395
2482,3030
2416,26507
1355,1049
292,11030
4070,13452
1621,709
1900,9851
4914,304
971,1786
4746,5027
3832,3992
5013,210
233,2372
4203,4419
4422,470
4039,2879
3734,4737
993,1410
1725,1786
2245,2025
3144,550
3476,1085
1028,1295
879,181
827,94
3103,304
1449,680
3141,2307
1138,130
3480,991
963,1989
1917,12838
3122,17814
531,2604
3818,9301
2679,14537
2202,6191
754,1895
2910,4274
2084,2965
1606,4556
3431,2300
4051,4889
2748,3754
3756,3746
858,1642
985,4253
4055,3305
1714,9959
144,362
176,441
3806,1483
3743,586
3375,2090
1140,1663
4990,275
4824,427
1068,210
4822,268
830,51
4920,36
3417,5251
2890,7572
1999,9004
3530,3421
4554,2068
1742,2560
2346,9373
3537,839
4619,1533
3970,1692
2256,9800
3555,2712
3961,14255
1603,2285
1547,2821
4797,962
1604,1338
1504,1136
4668,4904
2533,629
53,3942
1710,16259
2488,24012
2400,9388
3334,3623
2460,9438
2151,1938
2134,5923
3973,1678
2177,2553
3545,1070
3519,2170
2181,2806
1994,593
2025,658
4462,217
2819,3045
4412,3110
4778,94
3493,224
4253,87
3971,123
3222,30326
1879,11362
3643,8657
245,6893
4683,4614
1864,3862
3690,10552
3755,6321
1370,1786
1018,304
4660,636
4120,1801
4076,485
285,897
3165,991
4494,376
4962,87
2623,19557
2872,5721
2675,17004
2715,16714
4917,181
2279,12368
4188,3985
2119,5475
627,2589
3872,1193
3654,10422
2586,861
605,919
4568,2748
4471,5171
1460,2857
2073,470
4777,3884
4361,557
683,159
86,152
4855,137
2897,11803
4391,10820
2986,65085
708,2249
4098,15716
350,8845
3564,3182
778,1504
4092,6314
114,3341
3906,16251
682,3052
242,5403
540,1273
4156,3631
1582,3414
1744,5186
3589,80
622,1678
3257,629
1646,1056
33,311
1317,825
430,441
366,94
1050,239
916,7
213,9026
4056,9243
3827,2727
4943,1707
1179,5909
1256,224
1127,1172
2074,3804
3557,1736
1594,1201
291,1663
4091,3233
2560,6502
2266,5620
4875,730
4337,1461
759,137
536,354
2680,15738
3735,6654
4424,1663
4727,3819
1162,7724
3319,137
2553,7507
3306,12570
4947,398
2944,2011
3169,4911
2861,13308
3017,17213
1410,3182
2736,1150
3673,2604
3965,2568
958,557
1479,622
555,3045
4771,550
4185,166
1183,629
4772,318
3533,514
4454,354
592,253
4017,434
679,362
739,224
4927,101
2225,5757
4581,9453
623,911
1478,9409
4209,3848
4707,3059
1126,1208
2082,1982
277,1280
4143,412
4958,14
794,268
526,738
150,362
952,137
1672,405
269,325
382,7869
4298,4672
1969,10784
593,11912
2836,11702
3857,10068
1923,9547
2813,6603
687,3790
4299,340
566,1750
4625,4708
1507,1418
4096,810
170,882
4733,1201
654,1692
860,1099
3455,2524
1680,1757
2771,1432
3245,542
4488,116
1622,29
2023,145
393,36
519,2495
2885,15687
3381,1222
2386,10248
1597,1642
3717,10487
1612,376
2489,7348
3394,1157
1599,6415
4787,976
2804,10371
4757,7464
3230,2893
3367,2618
2681,11124
2606,7760
2433,11825
3059,4925
1173,2640
2446,6126
3574,2278
3188,5960
4558,2314
1202,369
4011,723
2170,419
4252,268
178,51
4873,137
3598,7869
1581,5012
833,702
1881,15984
3362,2842
3869,9236
1640,12657
1225,3291
2624,19499
2302,8057
4715,1244
500,3956
1390,2011
3062,5583
217,1367
1980,730
3820,2011
2912,4434
3792,1092
1430,1692
1768,665
950,14
4102,11811
141,181
2141,12845
4637,29820
2541,15253
1044,7818
243,11145
2450,12085
2592,16888
643,5381
240,11847
515,101
2837,21329
180,210
3968,12447
1413,9156
173,730
3229,3696
2133,5598
1217,11369
1891,1063
4909,434
148,246
2932,2365
4448,716
4016,1497
4994,253
239,10798
2984,25842
2383,14696
2265,13221
3834,4180
209,3298
3897,20750
3119,3963
1531,3645
1760,5996
3795,774
2125,1273
867,3009
4675,14667
1212,1880
2186,2401
3856,1258
2070,2018
1204,1186
3525,3182
5005,195
3320,166
97,716
1643,542
1320,1049
3731,897
377,275
159,159
783,137
992,65
4241,72
4903,3667
3392,15044
1724,11239
3028,20844
1575,2343
1411,3515
3822,3696
316,5063
427,2683
589,3667
4068,3623
1907,6451
1602,810
4042,1707
3101,5576
1221,4000
4820,564
4304,514
1332,557
3234,817
2858,1483
304,738
2052,644
812,369
1081,427
642,58
2876,9843
3697,19723
2032,4296
2544,14689
2879,4636
3025,15029
1180,1801
402,6256
1450,4752
2968,20179
2244,4014
67,752
3435,2886
457,5193
2445,10133
4149,6292
4516,1555
1789,6632
3225,1222
106,304
1869,5034
4716,1432
5066,448
3812,398
2053,188
4283,579
158,14
811,159
1732,15557
2664,17409
497,8303
2222,26710
3016,25596
2299,3059
2439,18334
922,1533
4684,5381
3407,5598
3127,10191
2617,4781
2945,5186
4038,3898
4473,224
266,340
777,644
567,5027
3201,9417
3634,11124
322,1034
564,579
2865,9301
3123,7963
1944,4000
143,2119
3426,7666
4679,10241
3841,1577
2238,8932
1727,1418
648,2640
1048,955
4984,116
1447,528
849,51
4536,65
4938,14
3041,29161
2418,6046
2401,17589
1155,11514
3071,20598
4851,3833
494,3595
4993,441
2724,20215
3150,19311
490,1193
3364,2596
3308,7088
1368,3132
2855,16852
2546,1490
79,1475
930,1078
4880,260
864,1092
3231,1360
1466,1635
4049,1251
3569,1005
4523,723
4335,304
715,687
4907,152
4553,998
5050,195
4932,43
893,43
3703,17155
2563,10364
1011,861
562,2568
9,1577
1818,4397
1960,550
1787,7413
1194,1852
4813,2018
465,853
2147,1258
2184,1598
3486,1381
1826,4593
4658,955
4453,477
444,347
24,1302
4524,1164
336,246
4485,203
4326,260
701,434
313,224
3088,15984
2829,7898
4766,3754
1718,13141
2959,5945
2881,4585
346,4528
1684,5663
1596,1114
4340,1258
1638,5649
480,579
212,6415
1902,5424
2101,3363
4260,615
4129,897
1495,629
2172,3710
1467,738
4324,412
757,72
2333,12476
3066,22066
3012,37074
3030,25133
2419,11724
3011,26536
2260,10350
2565,11203
3671,7449
2663,23853
3986,14045
3706,6553
3759,4455
1529,658
907,456
299,1085
3831,1215
186,550
4749,3580
1824,2676
3275,477
2417,3182
3383,174
4620,1114
3317,926
1934,304
152,253
314,130
780,427
513,174
3331,4123
134,289
803,933
4034,8202
3695,4629
1555,7406
3029,23715
3146,8368
1754,12064
358,5063
806,87
538,1924
1484,1613
3206,2900
4265,680
2327,3341
4515,644
1774,514
2887,969
1015,43
88,130
945,22
3189,3320
3132,9901
2021,3891
3644,12932
4939,9612
3694,11471
774,231
4743,2213
3948,18768
3632,7363
1168,2690
3387,2220
3492,1041
1896,10212
1042,6914
3787,1273
3442,904
237,8325
1859,6878
646,5540
4135,405
4211,210
3878,2640
289,868
3439,1287
2492,5656
1780,1020
4913,260
3411,969
105,470
4274,268
550,781
3768,80
2345,17271
1220,5244
2830,7587
4293,2379
4518,499
2285,4499
4048,4513
680,636
1281,6003
2995,14053
1065,1237
600,738
1948,2061
20,123
4218,702
561,528
1376,1808
2455,18884
4722,2300
2556,10892
1014,1714
1088,7355
2754,17481
1342,4961
4623,1201
2939,4419
3985,5952
4083,1345
3698,8824
1731,1251
1895,1772
1309,9431
3964,5164
1748,2228
4354,947
325,615
305,514
551,955
818,224
2634,15427
4586,1917
3180,10003
2120,11398
472,6762
1986,4614
3714,7305
4705,3862
342,5569
2514,1490
2742,1736
681,231
1072,2416
859,4289
4726,1989
1587,593
3124,2401
1650,579
4303,1692
1701,1295
3265,2278
769,58
454,43
2364,9381
1848,8780
2487,28966
4708,3262
750,1418
3645,4687
4598,4195
2924,11999
1862,3501
4634,1034
1285,832
4805,6762
4105,2857
3866,4687
3700,6762
3629,919
1590,2785
4572,2821
1985,1352
357,1092
1474,463
463,166
766,29
2458,23252
2474,16114
2508,13915
2264,11015
3425,9569
3345,5215
2891,1143
2095,2560
1463,2141
485,622
1690,709
1929,3067
2064,434
2868,4810
713,5750
127,4520
2471,1736
3785,1179
776,897
2318,1700
4440,890
3803,687
705,2040
4747,8484
3263,3399
1392,1244
1036,3558
3969,1859
165,7949
1516,3001
4277,1215
1299,2437
3488,6893
5015,2539
3514,1128
2949,1512
4386,1996
552,3920
2235,333
3458,636
3293,289
386,203
955,174
1328,369
371,152
4509,43
2409,9453
1359,7601
2595,6191
2229,8527
4176,2322
2490,8947
255,3906
4848,318
1661,1707
4577,2047
4123,882
4210,311
698,297
3483,608
4467,174
4425,137
2047,231
253,5938
2218,4802
2142,7724
2757,17958
3428,991
3516,3327
3077,14393
2255,6610
2314,3501
4124,622
4801,1823
3432,2141
3108,2242
3481,210
1481,897
222,1410
4470,1454
1838,1468
3779,1627
969,506
4339,542
362,101
988,10465
2379,15174
3111,17691
575,2264
911,8932
3844,9077
1360,11196
4956,1266
4095,600
4662,1439
4648,1367
4687,1287
1401,2228
2569,2842
172,550
2313,622
3810,564
1242,470
4119,282
1258,195
732,137
5019,94
2760,14935
2781,10842
1524,6625
3424,13452
498,4462
1756,419
2993,31150
1415,5685
4645,9988
580,1823
3679,4434
4793,1172
4282,1244
3805,687
3205,1461
3212,2358
265,861
331,289
4803,1743
1736,2011
762,419
2828,7449
3932,23961
4671,1222
689,499
426,5706
1949,3652
3888,1844
1993,419
3710,10003
4676,8860
746,477
1720,1512
252,4383
4254,152
1743,1186
1115,2068
2208,716
795,499
882,2003
4908,644
1075,1490
3839,774
4220,101
3784,622
39,796
4500,43
4674,22
855,7
1176,2857
5006,4636
4183,1931
3916,2850
2602,18631
1614,3898
510,9814
1029,4361
3684,5099
4729,6350
4812,463
4691,2076
871,2813
4074,2727
1287,4347
210,550
315,665
3515,1931
4012,6292
5038,58
1542,3508
4082,6733
3998,4665
1797,1295
1491,926
3297,861
1458,940
3363,1765
2790,1562
1020,593
4497,246
1233,239
3401,1584
411,1396
3418,231
784,231
1198,188
775,6285
3055,24308
2750,2329
2462,17481
1395,2987
2970,30644
5077,2727
3271,12331
4428,2401
400,940
1503,2488
2432,11514
3554,1512
883,969
4532,246
1352,2893
4251,825
3302,629
2950,1519
1189,1577
5070,123
704,116
62,181
734,80
4872,116
2430,13424
2659,20410
3528,5699
1166,3775
2727,17481
1330,1121
3957,9547
4001,7949
4410,3985
1094,6039
3635,8845
1810,5605
3284,1989
3434,890
2065,752
4492,3443
2154,2365
844,2257
2192,665
1545,2430
3890,1642
4292,1598
417,2994
3776,658
557,448
696,123
83,311
3547,13568
333,10183
4597,17170
721,890
3586,4773
2130,1801
3613,9843
1511,3840
4045,2633
3893,25863
2087,7037
2316,6133
875,152
1687,2633
2394,14682
3631,6046
4171,702
1670,2510
3854,1548
4439,702
764,1526
2001,593
4816,2654
915,593
518,325
4084,1172
887,181
1795,376
2039,152
4306,405
4898,137
4482,94
735,188
215,9887
954,12859
3637,12830
3908,18761
396,4426
2801,12078
2292,8585
2089,3378
1853,3566
2248,9887
2241,1490
3513,1815
109,362
3007,7370
1103,2517
2067,3717
123,391
2598,1244
4504,203
1784,492
4893,463
900,239
4142,87
602,275
3024,14769
4153,890
996,3139
4010,1128
2408,8390
3499,5027
4155,3537
4027,7225
2796,20041
3853,1533
1083,6357
4840,1034
4753,5844
4213,217
445,1714
1118,1309
1588,3645
706,2763
1151,2206
13,434
249,810
2785,1107
3754,1461
1350,658
4486,709
3413,788
3562,897
1819,1591
810,203
1026,108
4460,203
1246,289
676,87
2558,8527
2486,13489
2963,30709
3749,10531
4853,2973
191,1121
1249,3746
260,506
1273,1215
4905,333
2232,1186
157,1757
1335,1273
2189,1584
2517,955
1255,282
2469,15991
3043,25719
3886,4224
2822,6856
21,3038
3725,13329
2372,6972
3104,3038
939,4289
4162,991
4031,5113
1681,4115
182,1324
2307,4701
3102,1989
2166,1526
3752,2206
14,1721
4710,1475
2158,1345
831,7
767,2575
2411,15246
2466,6451
3829,4752
3203,8484
3762,7876
3298,1266
2730,2763
4233,2517
1279,4665
74,2756
4857,376
2196,919
3938,1013
3136,1258
137,492
469,405
583,65
72,123
3260,51
1618,188
2707,21300
3173,19412
1631,730
2983,74227
1480,1085
598,3327
2406,4108
2045,1092
3259,354
3648,14848
353,2459
1855,4860
2310,4448
3357,3153
3767,1049
2849,6806
4387,1150
791,1432
1776,1316
5016,340
1055,810
5003,181
809,297
4527,268
4886,130
3155,13923
3404,4376
984,7558
3163,17466
2429,12223
2216,8809
3227,2097
2414,10740
499,8014
3166,5077
1047,2785
1548,80
1990,600
4737,1823
3591,2068
1142,4188
262,412
2146,3081
4496,376
4629,4339
1586,940
2698,25234
2620,20960
4800,16092
3937,14031
4069,3913
4529,195
3800,6068
1712,15825
3326,5808
1333,2922
378,557
529,1475
608,4339
4222,152
942,3573
1341,2734
3133,3088
3477,702
4329,297
674,137
2029,145
4906,615
76,80
3013,25748
2361,3732
1840,2394
1757,4629
2505,11066
145,5620
2096,11637
946,738
2818,3732
4794,984
2276,11203
2838,15492
2827,12809
2112,3226
1222,4209
50,897
920,1533
1469,318
2483,3124
330,448
4141,224
1156,22
5046,14
2076,5244
2677,9511
4997,3247
3239,2163
2296,5540
2524,10220
2203,6929
1933,3631
4474,260
553,427
1532,4412
3199,4390
1844,1295
4854,1244
5004,224
332,282
1892,904
861,947
2054,268
45,405
2040,159
542,166
4888,130
4923,188
947,108
57,36
4768,2741
1920,10668
990,22471
4758,5222
522,658
2078,10162
216,3949
2059,3370
4411,4701
4921,1287
2398,1425
4005,2408
937,7912
918,1164
4761,6234
572,658
1691,434
3443,1468
4604,1700
881,376
3291,80
820,51
2543,16186
2317,6249
2117,6524
1001,7037
2618,10704
3412,861
1389,1034
3277,1873
1779,1902
119,3038
3992,593
4180,470
3979,1215
3573,369
2193,629
3419,651
4377,911
898,166
1629,51
2136,5909
4032,13178
3210,8997
3959,17409
2294,3934
675,4130
1572,2785
1159,6061
1090,3305
1512,2662
3606,5866
2162,1345
2088,2705
691,6198
2904,1041
829,297
296,224
1436,890
3414,376
2069,434
467,550
4821,210
4937,22
3200,11550
1241,4434
3949,17582
2700,19390
3526,6299
2898,19383
2696,18407
2530,4940
3836,4947
2917,3363
1361,6292
2725,16548
4127,1649
1746,2271
3838,1345
1808,181
1870,2618
926,1063
1265,1497
666,709
1280,1172
5044,325
870,514
4850,152
1445,13785
3895,21531
1500,2915
3902,8050
3057,23636
3993,2625
3167,9417
3898,12418
475,297
4594,738
1957,5627
307,3797
3491,1070
1897,5518
2161,1483
4262,224
1695,3963
1773,738
5052,65
718,333
4464,506
5048,231
613,145
574,137
3365,1801
3250,6668
975,7775
3656,18551
2948,11565
4333,2322
647,6379
2964,29494
1418,4231
2980,24728
2249,8780
3891,239
442,1454
1485,3739
2718,14385
4685,3233
711,217
1956,1663
3408,3103
4408,4028
2200,2293
3641,8151
2392,12114
470,1013
2531,11290
1104,3363
4078,1085
272,998
1349,1258
4315,137
462,1577
4118,600
743,174
4934,51
1377,2307
2415,22471
1207,3291
1496,593
2545,30767
2988,20193
4730,5171
1158,4311
3983,1541
1304,1663
2436,6755
3863,5280
1412,11319
4066,7276
3145,87
635,644
940,10632
155,4455
5041,557
886,774
862,1468
3570,2177
1791,499
3996,1483
2812,1027
483,730
1936,485
4205,145
2016,456
851,14
1492,7999
200,4000
1601,3529
495,3349
2431,11116
1290,1895
2115,1996
2363,2799
1236,3096
4546,1128
4580,5786
521,911
388,810
2138,1331
3884,3855
428,2560
625,268
2951,2654
2020,730
5059,195
2012,658
